t,theta_sensor,theta_pred
0.0000,117.00,117.00
0.0167,117.00,117.00
0.0333,117.00,117.00
0.0500,117.00,117.00
0.0667,117.00,117.00
0.0833,117.00,117.00
0.1000,117.00,117.00
0.1167,117.00,117.00
0.1333,117.00,117.00
0.1500,117.00,117.00
0.1667,117.00,117.00
0.1833,117.00,117.00
0.2000,117.00,117.00
0.2167,117.00,117.00
0.2333,117.00,117.00
0.2500,117.00,117.00
0.2667,117.00,117.00
0.2833,117.00,117.00
0.3000,117.00,117.00
0.3167,117.00,117.00
0.3333,117.00,117.00
0.3500,117.00,117.00
0.3667,117.00,117.00
0.3833,117.00,117.00
0.4000,117.00,117.00
0.4167,117.00,117.00
0.4333,117.00,117.00
0.4500,117.00,117.00
0.4667,117.00,117.00
0.4833,117.00,117.00
0.5000,117.00,117.00
0.5167,117.00,117.00
0.5333,117.00,117.00
0.5500,117.00,117.00
0.5667,117.00,117.00
0.5833,117.00,117.00
0.6000,117.00,117.00
0.6167,117.00,117.00
0.6333,117.00,117.00
0.6500,117.00,117.00
0.6667,117.00,117.00
0.6833,117.00,117.00
0.7000,117.00,117.00
0.7167,117.00,117.00
0.7333,117.00,117.00
0.7500,117.00,117.00
0.7667,117.00,117.00
0.7833,117.00,117.00
0.8000,117.00,117.00
0.8167,116.20,117.00
0.8333,116.20,116.79
0.8500,116.20,116.62
0.8667,116.20,116.49
0.8833,116.20,116.39
0.9000,116.20,116.30
0.9167,115.24,116.30
0.9333,115.24,115.86
0.9500,115.24,115.48
0.9667,115.24,115.16
0.9833,115.24,114.87
1.0000,115.24,114.62
1.0167,113.45,114.62
1.0333,113.45,113.97
1.0500,113.45,113.40
1.0667,113.45,112.89
1.0833,113.45,112.43
1.1000,113.45,112.01
1.1167,110.69,112.01
1.1333,110.69,111.16
1.1500,110.69,110.41
1.1667,110.69,109.73
1.1833,110.69,109.11
1.2000,110.69,108.53
1.2167,109.34,108.53
1.2333,109.34,108.45
1.2500,109.34,108.34
1.2667,109.34,108.20
1.2833,109.34,108.04
1.3000,106.67,108.04
1.3167,106.67,107.23
1.3333,106.67,106.49
1.3500,106.67,105.82
1.3667,106.67,105.20
1.3833,106.67,104.62
1.4000,103.73,104.62
1.4167,103.73,103.89
1.4333,103.73,103.22
1.4500,103.73,102.60
1.4667,103.73,102.00
1.4833,103.73,101.44
1.5000,100.75,101.44
1.5167,100.75,100.76
1.5333,100.75,100.13
1.5500,100.75,99.53
1.5667,100.75,98.95
1.5833,100.75,98.40
1.6000,98.55,98.40
1.6167,98.55,98.02
1.6333,98.55,97.65
1.6500,98.55,97.27
1.6667,98.55,96.89
1.6833,98.55,96.51
1.7000,95.71,96.51
1.7167,95.71,95.85
1.7333,95.71,95.25
1.7500,95.71,94.68
1.7667,95.71,94.13
1.7833,95.71,93.61
1.8000,91.14,93.61
1.8167,91.14,92.23
1.8333,91.14,90.99
1.8500,91.14,89.87
1.8667,91.14,88.83
1.8833,91.14,87.86
1.9000,85.43,87.86
1.9167,85.43,86.29
1.9333,85.43,84.87
1.9500,85.43,83.56
1.9667,85.43,82.34
1.9833,85.43,81.18
2.0000,78.69,81.18
2.0167,78.69,79.27
2.0333,78.69,77.55
2.0500,78.69,75.95
2.0667,78.69,74.46
2.0833,78.69,73.04
2.1000,72.54,73.04
2.1167,72.54,71.71
2.1333,72.54,70.45
2.1500,72.54,69.25
2.1667,72.54,68.07
2.1833,72.54,66.93
2.2000,66.51,66.93
2.2167,66.51,65.70
2.2333,66.51,64.53
2.2500,66.51,63.40
2.2667,66.51,62.30
2.2833,66.51,61.23
2.3000,62.10,61.23
2.3167,62.10,60.61
2.3333,62.10,59.97
2.3500,62.10,59.31
2.3667,62.10,58.63
2.3833,62.10,57.93
2.4000,58.82,57.93
2.4167,58.82,57.53
2.4333,58.82,57.09
2.4500,58.82,56.63
2.4667,58.82,56.14
2.4833,58.82,55.64
2.5000,55.76,55.64
2.5167,55.76,55.08
2.5333,55.76,54.53
2.5500,55.76,53.99
2.5667,55.76,53.46
2.5833,55.76,52.93
2.6000,52.75,52.93
2.6167,52.75,52.32
2.6333,52.75,51.75
2.6500,52.75,51.19
2.6667,52.75,50.65
2.6833,52.75,50.12
2.7000,50.55,50.12
2.7167,50.55,49.81
2.7333,50.55,49.48
2.7500,50.55,49.15
2.7667,50.55,48.81
2.7833,50.55,48.46
2.8000,47.71,48.46
2.8167,47.71,47.72
2.8333,47.71,47.04
2.8500,47.71,46.41
2.8667,47.71,45.81
2.8833,47.71,45.24
2.9000,44.74,45.24
2.9167,44.74,44.56
2.9333,44.74,43.92
2.9500,44.74,43.32
2.9667,44.74,42.75
2.9833,44.74,42.20
3.0000,40.95,42.20
3.0167,40.95,41.19
3.0333,40.95,40.27
3.0500,40.95,39.43
3.0667,40.95,38.63
3.0833,40.95,37.88
3.1000,35.39,37.88
3.1167,35.39,36.16
3.1333,35.39,34.63
3.1500,35.39,33.24
3.1667,35.39,31.96
3.1833,35.39,30.75
3.2000,28.68,30.75
3.2167,28.68,28.96
3.2333,28.68,27.34
3.2500,28.68,25.84
3.2667,28.68,24.43
3.2833,28.68,23.10
3.3000,23.34,23.10
3.3167,23.34,22.10
3.3333,23.34,21.13
3.3500,23.34,20.17
3.3667,23.34,19.23
3.3833,17.47,19.23
3.4000,17.47,17.74
3.4167,17.47,16.37
3.4333,17.47,15.07
3.4500,17.47,13.84
3.4667,17.47,12.66
3.4833,9.89,12.66
3.5000,9.89,10.71
3.5167,9.89,8.93
3.5333,9.89,7.27
3.5500,9.89,5.72
3.5667,9.89,4.23
3.5833,2.78,4.23
3.6000,2.78,2.64
3.6167,2.78,1.15
3.6333,2.78,0.00
3.6500,2.78,0.00
3.6667,2.78,0.00
3.6833,2.78,0.00
3.7000,2.78,0.00
3.7167,2.78,0.00
3.7333,2.78,0.00
3.7500,2.78,0.00
3.7667,0.56,0.00
3.7833,0.56,0.00
3.8000,0.56,0.00
3.8167,0.56,0.00
3.8333,0.56,0.00
3.8500,0.56,0.00
3.8667,0.56,0.00
3.8833,0.56,0.00
3.9000,0.56,0.00
3.9167,0.56,0.00
3.9333,0.56,0.00
3.9500,0.56,0.00