t_mono,t_wall,raw,theta,display_asleep
2.5413,2.5413,117,117.00,0
2.5486,2.5486,117,117.00,0
2.5592,2.5592,117,117.00,0
2.5656,2.5656,117,117.00,0
2.5734,2.5733,117,117.00,0
2.5805,2.5805,117,117.00,0
2.5876,2.5876,117,117.00,0
2.5945,2.5945,117,117.00,0
2.6017,2.6017,117,117.00,0
2.6094,2.6093,117,117.00,0
2.6165,2.6165,117,117.00,0
2.6244,2.6244,117,117.00,0
2.6316,2.6316,117,117.00,0
2.6444,2.6444,117,117.00,0
2.6514,2.6514,117,117.00,0
2.6586,2.6586,117,117.00,0
2.6658,2.6657,117,117.00,0
2.6734,2.6734,117,117.00,0
2.6813,2.6813,117,117.00,0
2.6885,2.6885,117,117.00,0
2.6955,2.6954,117,117.00,0
2.7026,2.7026,117,117.00,0
2.7097,2.7097,117,117.00,0
2.7165,2.7165,117,117.00,0
2.7254,2.7254,117,117.00,0
2.7327,2.7327,117,117.00,0
2.7405,2.7405,117,117.00,0
2.7477,2.7477,117,117.00,0
2.7553,2.7553,117,117.00,0
2.7626,2.7625,117,117.00,0
2.7715,2.7715,117,117.00,0
2.7792,2.7792,117,117.00,0
2.7876,2.7876,117,117.00,0
2.7954,2.7954,117,117.00,0
2.8027,2.8027,117,117.00,0
2.8106,2.8105,117,117.00,0
2.8174,2.8174,117,117.00,0
2.8243,2.8243,117,117.00,0
2.8323,2.8323,117,117.00,0
2.8414,2.8414,117,117.00,0
2.8486,2.8486,117,117.00,0
2.8603,2.8603,117,117.00,0
2.8676,2.8676,117,117.00,0
2.8744,2.8743,117,117.00,0
2.8816,2.8816,117,117.00,0
2.8886,2.8886,117,117.00,0
2.8964,2.8963,117,117.00,0
2.9046,2.9046,117,117.00,0
2.9118,2.9118,117,117.00,0
2.9192,2.9192,117,117.00,0
2.9263,2.9263,117,117.00,0
2.9327,2.9327,117,117.00,0
2.9414,2.9414,117,117.00,0
2.9486,2.9486,117,117.00,0
2.9586,2.9586,117,117.00,0
2.9654,2.9654,117,117.00,0
2.9724,2.9723,117,117.00,0
2.9795,2.9794,117,117.00,0
2.9883,2.9883,117,117.00,0
2.9955,2.9954,117,117.00,0
3.0027,3.0027,117,117.00,0
3.0096,3.0096,117,117.00,0
3.0174,3.0174,117,117.00,0
3.0255,3.0255,117,117.00,0
3.0316,3.0316,117,117.00,0
3.0414,3.0414,117,117.00,0
3.0487,3.0487,117,117.00,0
3.0574,3.0574,117,117.00,0
3.0647,3.0647,117,117.00,0
3.0724,3.0723,117,117.00,0
3.0792,3.0792,117,117.00,0
3.0884,3.0884,117,117.00,0
3.0954,3.0954,117,117.00,0
3.1024,3.1024,117,117.00,0
3.1095,3.1095,117,117.00,0
3.1167,3.1167,117,117.00,0
3.1243,3.1243,117,117.00,0
3.1315,3.1314,117,117.00,0
3.1387,3.1386,117,117.00,0
3.1464,3.1463,117,117.00,0
3.1574,3.1574,117,117.00,0
3.1647,3.1647,117,117.00,0
3.1724,3.1724,117,117.00,0
3.1797,3.1797,117,117.00,0
3.1874,3.1874,117,117.00,0
3.1945,3.1945,117,117.00,0
3.2023,3.2023,117,117.00,0
3.2095,3.2094,117,117.00,0
3.2166,3.2166,117,117.00,0
3.2243,3.2243,117,117.00,0
3.2313,3.2313,117,117.00,0
3.2386,3.2386,117,117.00,0
3.2457,3.2457,117,117.00,0
3.2596,3.2596,117,117.00,0
3.2673,3.2673,117,117.00,0
3.2767,3.2767,117,117.00,0
3.2833,3.2833,117,117.00,0
3.2908,3.2908,117,117.00,0
3.2986,3.2986,117,117.00,0
3.3054,3.3053,117,117.00,0
3.3126,3.3126,117,117.00,0
3.3214,3.3214,117,117.00,0
3.3285,3.3284,117,117.00,0
3.3357,3.3357,117,117.00,0
3.3428,3.3427,116,116.00,0
3.3494,3.3494,116,116.00,0
3.3574,3.3574,116,116.00,0
3.3653,3.3653,116,116.00,0
3.3754,3.3754,116,116.00,0
3.3826,3.3825,116,116.00,0
3.3901,3.3901,116,116.00,0
3.3975,3.3974,116,116.00,0
3.4047,3.4047,116,116.00,0
3.4125,3.4124,116,116.00,0
3.4213,3.4213,116,116.00,0
3.4286,3.4286,116,116.00,0
3.4364,3.4364,116,116.00,0
3.4444,3.4444,115,115.00,0
3.4504,3.4504,115,115.00,0
3.4585,3.4585,115,115.00,0
3.4664,3.4664,115,115.00,0
3.4787,3.4786,115,115.00,0
3.4854,3.4853,115,115.00,0
3.4927,3.4927,115,115.00,0
3.4994,3.4994,115,115.00,0
3.5066,3.5066,115,115.00,0
3.5143,3.5143,115,115.00,0
3.5214,3.5214,115,115.00,0
3.5277,3.5276,115,115.00,0
3.5355,3.5354,115,115.00,0
3.5427,3.5427,113,113.00,0
3.5504,3.5503,113,113.00,0
3.5586,3.5586,113,113.00,0
3.5663,3.5663,113,113.00,0
3.5746,3.5746,113,113.00,0
3.5825,3.5825,113,113.00,0
3.5904,3.5904,113,113.00,0
3.6012,3.6012,113,113.00,0
3.6105,3.6104,113,113.00,0
3.6175,3.6175,113,113.00,0
3.6242,3.6242,113,113.00,0
3.6303,3.6303,113,113.00,0
3.6385,3.6385,113,113.00,0
3.6454,3.6454,110,110.00,0
3.6523,3.6523,110,110.00,0
3.6585,3.6585,110,110.00,0
3.6654,3.6654,110,110.00,0
3.6743,3.6743,110,110.00,0
3.6812,3.6812,110,110.00,0
3.6937,3.6936,110,110.00,0
3.7006,3.7005,110,110.00,0
3.7074,3.7074,110,110.00,0
3.7146,3.7145,110,110.00,0
3.7217,3.7217,110,110.00,0
3.7294,3.7294,110,110.00,0
3.7375,3.7375,110,110.00,0
3.7447,3.7447,109,109.00,0
3.7513,3.7512,109,109.00,0
3.7586,3.7586,109,109.00,0
3.7665,3.7665,109,109.00,0
3.7745,3.7745,109,109.00,0
3.7823,3.7823,109,109.00,0
3.7904,3.7904,109,109.00,0
3.7973,3.7973,109,109.00,0
3.8054,3.8054,109,109.00,0
3.8126,3.8126,109,109.00,0
3.8246,3.8246,109,109.00,0
3.8323,3.8323,109,109.00,0
3.8393,3.8393,106,106.00,0
3.8470,3.8470,106,106.00,0
3.8553,3.8553,106,106.00,0
3.8625,3.8625,106,106.00,0
3.8731,3.8731,106,106.00,0
3.8807,3.8807,106,106.00,0
3.8947,3.8947,106,106.00,0
3.9013,3.9013,106,106.00,0
3.9085,3.9085,106,106.00,0
3.9153,3.9153,106,106.00,0
3.9223,3.9223,106,106.00,0
3.9294,3.9294,106,106.00,0
3.9387,3.9387,103,103.00,0
3.9465,3.9465,103,103.00,0
3.9557,3.9557,103,103.00,0
3.9636,3.9635,103,103.00,0
3.9744,3.9744,103,103.00,0
3.9823,3.9823,103,103.00,0
3.9913,3.9913,103,103.00,0
3.9992,3.9992,103,103.00,0
4.0065,4.0065,103,103.00,0
4.0152,4.0152,103,103.00,0
4.0235,4.0234,103,103.00,0
4.0314,4.0314,103,103.00,0
4.0393,4.0393,100,100.00,0
4.0476,4.0476,100,100.00,0
4.0554,4.0554,100,100.00,0
4.0633,4.0633,100,100.00,0
4.0717,4.0717,100,100.00,0
4.0792,4.0792,100,100.00,0
4.0914,4.0914,100,100.00,0
4.0988,4.0988,100,100.00,0
4.1077,4.1077,100,100.00,0
4.1154,4.1154,100,100.00,0
4.1217,4.1217,100,100.00,0
4.1285,4.1285,100,100.00,0
4.1355,4.1354,98,98.00,0
4.1427,4.1427,98,98.00,0
4.1495,4.1494,98,98.00,0
4.1567,4.1567,98,98.00,0
4.1648,4.1648,98,98.00,0
4.1726,4.1726,98,98.00,0
4.1802,4.1802,98,98.00,0
4.1917,4.1917,98,98.00,0
4.1993,4.1993,98,98.00,0
4.2083,4.2083,98,98.00,0
4.2143,4.2142,98,98.00,0
4.2253,4.2253,98,98.00,0
4.2334,4.2334,98,98.00,0
4.2399,4.2399,95,95.00,0
4.2474,4.2474,95,95.00,0
4.2554,4.2554,95,95.00,0
4.2624,4.2624,95,95.00,0
4.2725,4.2724,95,95.00,0
4.2805,4.2805,95,95.00,0
4.2898,4.2898,95,95.00,0
4.2974,4.2974,95,95.00,0
4.3077,4.3077,95,95.00,0
4.3145,4.3145,95,95.00,0
4.3225,4.3225,95,95.00,0
4.3297,4.3297,95,95.00,0
4.3393,4.3393,90,90.00,0
4.3454,4.3454,90,90.00,0
4.3527,4.3527,90,90.00,0
4.3605,4.3604,90,90.00,0
4.3674,4.3674,90,90.00,0
4.3746,4.3746,90,90.00,0
4.3828,4.3828,90,90.00,0
4.3906,4.3906,90,90.00,0
4.3990,4.3990,90,90.00,0
4.4084,4.4084,90,90.00,0
4.4157,4.4157,90,90.00,0
4.4223,4.4223,90,90.00,0
4.4295,4.4295,90,90.00,0
4.4392,4.4392,84,84.00,0
4.4466,4.4466,84,84.00,0
4.4544,4.4544,84,84.00,0
4.4608,4.4608,84,84.00,0
4.4684,4.4684,84,84.00,0
4.4745,4.4745,84,84.00,0
4.4818,4.4817,84,84.00,0
4.4886,4.4885,84,84.00,0
4.4964,4.4964,84,84.00,0
4.5084,4.5083,84,84.00,0
4.5147,4.5147,84,84.00,0
4.5244,4.5243,84,84.00,0
4.5344,4.5343,77,77.00,0
4.5404,4.5404,77,77.00,0
4.5475,4.5475,77,77.00,0
4.5554,4.5554,77,77.00,0
4.5625,4.5625,77,77.00,0
4.5730,4.5730,77,77.00,0
4.5805,4.5804,77,77.00,0
4.5883,4.5883,77,77.00,0
4.5954,4.5954,77,77.00,0
4.6024,4.6023,77,77.00,0
4.6096,4.6095,77,77.00,0
4.6174,4.6174,77,77.00,0
4.6246,4.6245,77,77.00,0
4.6316,4.6316,71,71.00,0
4.6386,4.6385,71,71.00,0
4.6456,4.6456,71,71.00,0
4.6554,4.6554,71,71.00,0
4.6624,4.6623,71,71.00,0
4.6722,4.6722,71,71.00,0
4.6791,4.6791,71,71.00,0
4.6896,4.6895,71,71.00,0
4.6964,4.6964,71,71.00,0
4.7045,4.7045,71,71.00,0
4.7124,4.7124,71,71.00,0
4.7244,4.7244,71,71.00,0
4.7324,4.7324,65,65.00,0
4.7387,4.7386,65,65.00,0
4.7464,4.7463,65,65.00,0
4.7554,4.7553,65,65.00,0
4.7625,4.7625,65,65.00,0
4.7714,4.7713,65,65.00,0
4.7788,4.7787,65,65.00,0
4.7863,4.7863,65,65.00,0
4.7936,4.7935,65,65.00,0
4.8008,4.8008,65,65.00,0
4.8094,4.8094,65,65.00,0
4.8166,4.8166,65,65.00,0
4.8247,4.8246,65,65.00,0
4.8326,4.8325,61,61.00,0
4.8403,4.8403,61,61.00,0
4.8474,4.8473,61,61.00,0
4.8555,4.8554,61,61.00,0
4.8627,4.8627,61,61.00,0
4.8724,4.8724,61,61.00,0
4.8792,4.8792,61,61.00,0
4.8884,4.8883,61,61.00,0
4.8956,4.8955,61,61.00,0
4.9034,4.9033,61,61.00,0
4.9106,4.9106,61,61.00,0
4.9174,4.9173,61,61.00,0
4.9245,4.9244,61,61.00,0
4.9324,4.9324,58,58.00,0
4.9424,4.9424,58,58.00,0
4.9495,4.9495,58,58.00,0
4.9574,4.9574,58,58.00,0
4.9646,4.9646,58,58.00,0
4.9724,4.9724,58,58.00,0
4.9796,4.9796,58,58.00,0
4.9886,4.9886,58,58.00,0
4.9964,4.9964,58,58.00,0
5.0054,5.0054,58,58.00,0
5.0134,5.0133,58,58.00,0
5.0243,5.0242,58,58.00,0
5.0313,5.0312,55,55.00,0
5.0413,5.0412,55,55.00,0
5.0483,5.0483,55,55.00,0
5.0552,5.0552,55,55.00,0
5.0624,5.0623,55,55.00,0
5.0713,5.0713,55,55.00,0
5.0786,5.0785,55,55.00,0
5.0854,5.0854,55,55.00,0
5.0922,5.0922,55,55.00,0
5.0991,5.0991,55,55.00,0
5.1054,5.1053,55,55.00,0
5.1116,5.1115,55,55.00,0
5.1187,5.1187,55,55.00,0
5.1257,5.1256,55,55.00,0
5.1325,5.1325,52,52.00,0
5.1407,5.1407,52,52.00,0
5.1475,5.1474,52,52.00,0
5.1554,5.1554,52,52.00,0
5.1623,5.1622,52,52.00,0
5.1715,5.1715,52,52.00,0
5.1786,5.1785,52,52.00,0
5.1855,5.1855,52,52.00,0
5.1925,5.1925,52,52.00,0
5.1997,5.1996,52,52.00,0
5.2074,5.2073,52,52.00,0
5.2136,5.2136,52,52.00,0
5.2245,5.2245,52,52.00,0
5.2324,5.2324,50,50.00,0
5.2407,5.2407,50,50.00,0
5.2484,5.2483,50,50.00,0
5.2554,5.2554,50,50.00,0
5.2626,5.2625,50,50.00,0
5.2724,5.2724,50,50.00,0
5.2792,5.2792,50,50.00,0
5.2894,5.2894,50,50.00,0
5.2964,5.2964,50,50.00,0
5.3065,5.3065,50,50.00,0
5.3139,5.3139,50,50.00,0
5.3225,5.3224,50,50.00,0
5.3304,5.3303,47,47.00,0
5.3417,5.3417,47,47.00,0
5.3494,5.3494,47,47.00,0
5.3564,5.3563,47,47.00,0
5.3645,5.3645,47,47.00,0
5.3724,5.3723,47,47.00,0
5.3796,5.3796,47,47.00,0
5.3886,5.3886,47,47.00,0
5.3965,5.3964,47,47.00,0
5.4053,5.4053,47,47.00,0
5.4125,5.4125,47,47.00,0
5.4240,5.4240,47,47.00,0
5.4313,5.4313,44,44.00,0
5.4424,5.4423,44,44.00,0
5.4497,5.4497,44,44.00,0
5.4586,5.4586,44,44.00,0
5.4663,5.4663,44,44.00,0
5.4735,5.4735,44,44.00,0
5.4807,5.4807,44,44.00,0
5.4883,5.4883,44,44.00,0
5.4954,5.4953,44,44.00,0
5.5027,5.5027,44,44.00,0
5.5104,5.5103,44,44.00,0
5.5173,5.5173,44,44.00,0
5.5245,5.5245,44,44.00,0
5.5324,5.5323,40,40.00,0
5.5415,5.5415,40,40.00,0
5.5494,5.5494,40,40.00,0
5.5586,5.5586,40,40.00,0
5.5663,5.5663,40,40.00,0
5.5735,5.5735,40,40.00,0
5.5804,5.5803,40,40.00,0
5.5883,5.5883,40,40.00,0
5.5956,5.5955,40,40.00,0
5.6027,5.6027,40,40.00,0
5.6096,5.6096,40,40.00,0
5.6164,5.6164,40,40.00,0
5.6233,5.6233,40,40.00,0
5.6297,5.6297,34,34.00,0
5.6397,5.6398,34,34.00,0
5.6475,5.6474,34,34.00,0
5.6586,5.6586,34,34.00,0
5.6664,5.6664,34,34.00,0
5.6738,5.6738,34,34.00,0
5.6817,5.6817,34,34.00,0
5.6897,5.6897,34,34.00,0
5.6974,5.6974,34,34.00,0
5.7053,5.7053,34,34.00,0
5.7126,5.7125,34,34.00,0
5.7225,5.7224,34,34.00,0
5.7304,5.7304,27,27.00,0
5.7414,5.7413,27,27.00,0
5.7494,5.7494,27,27.00,0
5.7577,5.7577,27,27.00,0
5.7655,5.7654,27,27.00,0
5.7743,5.7743,27,27.00,0
5.7815,5.7815,27,27.00,0
5.7885,5.7884,27,27.00,0
5.7964,5.7963,27,27.00,0
5.8058,5.8058,27,27.00,0
5.8133,5.8133,27,27.00,0
5.8217,5.8217,27,27.00,0
5.8294,5.8293,22,22.00,0
5.8387,5.8387,22,22.00,0
5.8465,5.8464,22,22.00,0
5.8554,5.8554,22,22.00,0
5.8627,5.8626,22,22.00,0
5.8745,5.8745,22,22.00,0
5.8823,5.8823,22,22.00,0
5.8885,5.8885,22,22.00,0
5.8953,5.8953,22,22.00,0
5.9025,5.9024,22,22.00,0
5.9097,5.9096,22,22.00,0
5.9163,5.9163,22,22.00,0
5.9235,5.9234,16,16.00,0
5.9305,5.9304,16,16.00,0
5.9395,5.9394,16,16.00,0
5.9469,5.9469,16,16.00,0
5.9554,5.9554,16,16.00,0
5.9634,5.9633,16,16.00,0
5.9743,5.9743,16,16.00,0
5.9815,5.9814,16,16.00,0
5.9885,5.9885,16,16.00,0
5.9958,5.9957,16,16.00,0
6.0060,6.0060,16,16.00,0
6.0164,6.0163,16,16.00,0
6.0237,6.0237,8,8.00,0
6.0308,6.0308,8,8.00,0
6.0392,6.0392,8,8.00,0
6.0465,6.0465,8,8.00,0
6.0565,6.0565,8,8.00,0
6.0644,6.0644,8,8.00,0
6.0754,6.0753,8,8.00,0
6.0826,6.0826,8,8.00,0
6.0913,6.0913,8,8.00,0
6.0986,6.0986,8,8.00,0
6.1054,6.1053,8,8.00,0
6.1127,6.1127,8,8.00,0
6.1225,6.1225,1,1.00,0
6.1324,6.1323,1,1.00,0
6.1595,6.1595,1,1.00,0
6.1914,6.1914,1,1.00,0
6.2001,6.2001,1,1.00,0
6.2077,6.2077,1,1.00,1
6.2915,6.2915,0,0.00,1
6.3024,6.3024,0,0.00,1
6.3093,6.3093,0,0.00,1
6.3177,6.3176,0,0.00,1
6.3275,6.3275,0,0.00,1
6.3377,6.3377,0,0.00,1
6.3464,6.3464,0,0.00,1
6.3674,6.3674,0,0.00,1
6.3754,6.3754,0,0.00,1
6.3814,6.3814,0,0.00,1
6.3906,6.3905,0,0.00,1
6.3983,6.3983,0,0.00,1
6.4096,6.4097,0,0.00,1
6.4175,6.4175,0,0.00,1
6.4256,6.4255,0,0.00,1
6.4345,6.4345,0,0.00,1
6.4427,6.4427,0,0.00,1
6.4503,6.4502,0,0.00,1
6.4584,6.4584,0,0.00,1
6.4665,6.4665,0,0.00,1
6.4793,6.4793,0,0.00,1
6.4875,6.4875,0,0.00,1
6.4964,6.4964,0,0.00,1
6.5047,6.5047,0,0.00,1
