t_mono,t_wall,raw,theta,theta_coarse,display_asleep
0.0000,0.0012,11346,113.46,113,0
0.0356,0.0372,11346,113.46,113,0
0.0464,0.0483,11343,113.43,113,0
0.0598,0.0612,11343,113.43,113,0
0.0713,0.0726,11343,113.43,113,0
0.0819,0.0832,11343,113.43,113,0
0.0933,0.0952,11343,113.43,113,0
0.1091,0.1104,11343,113.43,113,0
0.1205,0.1217,11343,113.43,113,0
0.1315,0.1332,11343,113.43,113,0
0.1427,0.1437,11346,113.46,113,0
0.1529,0.1543,11346,113.46,113,0
0.1645,0.1664,11346,113.46,113,0
0.1759,0.1773,11346,113.46,113,0
0.1873,0.1893,11346,113.46,113,0
0.1982,0.2003,11346,113.46,113,0
0.2105,0.2123,11346,113.46,113,0
0.2263,0.2282,11346,113.46,113,0
0.2370,0.2384,11345,113.45,113,0
0.2487,0.2504,11345,113.45,113,0
0.2607,0.2622,11345,113.45,113,0
0.2741,0.2754,11345,113.45,113,0
0.2849,0.2862,11345,113.45,113,0
0.2951,0.2973,11345,113.45,113,0
0.3059,0.3091,11345,113.45,113,0
0.3204,0.3216,11345,113.45,113,0
0.3318,0.3333,11345,113.45,113,0
0.3435,0.3452,11345,113.45,113,0
0.3539,0.3552,11345,113.45,113,0
0.3648,0.3662,11345,113.45,113,0
0.3765,0.3776,11345,113.45,113,0
0.3877,0.3886,11345,113.45,113,0
0.3987,0.3996,11345,113.45,113,0
0.4097,0.4112,11345,113.45,113,0
0.4206,0.4222,11345,113.45,113,0
0.4323,0.4344,11345,113.45,113,0
0.4447,0.4463,11344,113.44,113,0
0.4584,0.4604,11344,113.44,113,0
0.4705,0.4723,11344,113.44,113,0
0.4825,0.4842,11344,113.44,113,0
0.4943,0.4955,11344,113.44,113,0
0.5093,0.5113,11344,113.44,113,0
0.5214,0.5234,11344,113.44,113,0
0.5335,0.5351,11344,113.44,113,0
0.5452,0.5472,11345,113.45,113,0
0.5599,0.5614,11345,113.45,113,0
0.5697,0.5713,11345,113.45,113,0
0.5814,0.5832,11345,113.45,113,0
0.5934,0.5954,11345,113.45,113,0
0.6103,0.6123,11345,113.45,113,0
0.6225,0.6243,11345,113.45,113,0
0.6344,0.6355,11345,113.45,113,0
0.6456,0.6473,11345,113.45,113,0
0.6584,0.6604,11345,113.45,113,0
0.6705,0.6722,11345,113.45,113,0
0.6824,0.6837,11345,113.45,113,0
0.6938,0.6953,11345,113.45,113,0
0.7085,0.7102,11345,113.45,113,0
0.7203,0.7223,11345,113.45,113,0
0.7306,0.7322,11345,113.45,113,0
0.7428,0.7443,11347,113.47,113,0
0.7540,0.7554,11347,113.47,113,0
0.7649,0.7664,11347,113.47,113,0
0.7759,0.7783,11347,113.47,113,0
0.7883,0.7904,11347,113.47,113,0
0.8007,0.8023,11347,113.47,113,0
0.8125,0.8143,11347,113.47,113,0
0.8262,0.8282,11347,113.47,113,0
0.8384,0.8403,11344,113.44,113,0
0.8507,0.8523,11344,113.44,113,0
0.8625,0.8645,11344,113.44,113,0
0.8765,0.8782,11344,113.44,113,0
0.8884,0.8901,11344,113.44,113,0
0.9003,0.9017,11344,113.44,113,0
0.9103,0.9122,11344,113.44,113,0
0.9223,0.9243,11344,113.44,113,0
0.9344,0.9356,11344,113.44,113,0
0.9457,0.9473,11343,113.43,113,0
0.9591,0.9605,11343,113.43,113,0
0.9707,0.9716,11343,113.43,113,0
0.9817,0.9833,11343,113.43,113,0
0.9934,0.9951,11343,113.43,113,0
1.0099,1.0115,11343,113.43,113,0
1.0217,1.0233,11343,113.43,113,0
1.0315,1.0333,11343,113.43,113,0
1.0435,1.0454,11344,113.44,113,0
1.0563,1.0583,11344,113.44,113,0
1.0682,1.0704,11344,113.44,113,0
1.0809,1.0825,11344,113.44,113,0
1.0911,1.0933,11344,113.44,113,0
1.1020,1.1033,11344,113.44,113,0
1.1134,1.1151,11344,113.44,113,0
1.1257,1.1273,11344,113.44,113,0
1.1376,1.1394,11348,113.48,113,0
1.1525,1.1544,11348,113.48,113,0
1.1650,1.1663,11348,113.48,113,0
1.1764,1.1782,11348,113.48,113,0
1.1883,1.1896,11348,113.48,113,0
1.1981,1.1994,11348,113.48,113,0
1.2095,1.2112,11348,113.48,113,0
1.2206,1.2222,11348,113.48,113,0
1.2340,1.2360,11348,113.48,113,0
1.2498,1.2512,11348,113.48,113,0
1.2612,1.2632,11348,113.48,113,0
1.2738,1.2753,11348,113.48,113,0
1.2855,1.2872,11348,113.48,113,0
1.2969,1.2982,11348,113.48,113,0
1.3083,1.3103,11348,113.48,113,0
1.3204,1.3223,11348,113.48,113,0
1.3324,1.3336,11348,113.48,113,0
1.3437,1.3453,11345,113.45,113,0
1.3539,1.3552,11345,113.45,113,0
1.3653,1.3673,11345,113.45,113,0
1.3774,1.3792,11345,113.45,113,0
1.3893,1.3913,11345,113.45,113,0
1.4015,1.4032,11345,113.45,113,0
1.4134,1.4151,11345,113.45,113,0
1.4256,1.4273,11345,113.45,113,0
1.4362,1.4382,11345,113.45,113,0
1.4481,1.4503,11347,113.47,113,0
1.4594,1.4618,11347,113.47,113,0
1.4721,1.4745,11347,113.47,113,0
1.4844,1.4863,11347,113.47,113,0
1.4968,1.4984,11347,113.47,113,0
1.5106,1.5123,11347,113.47,113,0
1.5216,1.5233,11347,113.47,113,0
1.5335,1.5353,11347,113.47,113,0
1.5456,1.5474,11343,113.43,113,0
1.5590,1.5604,11343,113.43,113,0
1.5707,1.5724,11343,113.43,113,0
1.5827,1.5844,11343,113.43,113,0
1.5947,1.5962,11343,113.43,113,0
1.6079,1.6094,11343,113.43,113,0
1.6196,1.6214,11343,113.43,113,0
1.6322,1.6343,11343,113.43,113,0
1.6446,1.6463,11348,113.48,113,0
1.6563,1.6583,11348,113.48,113,0
1.6686,1.6704,11348,113.48,113,0
1.6804,1.6825,11348,113.48,113,0
1.6931,1.6951,11348,113.48,113,0
1.7051,1.7073,11348,113.48,113,0
1.7157,1.7172,11348,113.48,113,0
1.7275,1.7298,11348,113.48,113,0
1.7425,1.7443,11347,113.47,113,0
1.7546,1.7561,11347,113.47,113,0
1.7664,1.7685,11347,113.47,113,0
1.7788,1.7803,11347,113.47,113,0
1.7928,1.7945,11347,113.47,113,0
1.8039,1.8054,11347,113.47,113,0
1.8148,1.8161,11347,113.47,113,0
1.8264,1.8283,11347,113.47,113,0
1.8373,1.8394,11347,113.47,113,0
1.8496,1.8513,11342,113.42,113,0
1.8616,1.8636,11342,113.42,113,0
1.8761,1.8783,11342,113.42,113,0
1.8868,1.8884,11342,113.42,113,0
1.8986,1.9004,11342,113.42,113,0
1.9090,1.9105,11342,113.42,113,0
1.9206,1.9223,11342,113.42,113,0
1.9326,1.9343,11342,113.42,113,0
1.9447,1.9464,11345,113.45,113,0
1.9567,1.9581,11345,113.45,113,0
1.9685,1.9703,11345,113.45,113,0
1.9796,1.9813,11345,113.45,113,0
1.9908,1.9923,11345,113.45,113,0
2.0026,2.0045,11345,113.45,113,0
2.2063,2.2084,11345,113.45,113,0
2.4118,2.4132,11345,113.45,113,0
2.6173,2.6193,11343,113.43,113,0
2.8215,2.8233,11346,113.46,113,0
3.0285,3.0303,11346,113.46,113,0
3.2356,3.2376,11348,113.48,113,0
3.4397,3.4412,11346,113.46,113,0
3.6448,3.6464,10830,108.30,108,0
3.6566,3.6582,10830,108.30,108,0
3.6684,3.6704,10830,108.30,108,0
3.6806,3.6817,10830,108.30,108,0
3.6963,3.6983,10830,108.30,108,0
3.7098,3.7113,10830,108.30,108,0
3.7206,3.7222,10830,108.30,108,0
3.7324,3.7344,10830,108.30,108,0
3.7446,3.7463,9950,99.50,100,0
3.7595,3.7613,9950,99.50,100,0
3.7714,3.7732,9950,99.50,100,0
3.7814,3.7833,9950,99.50,100,0
3.7934,3.7952,9950,99.50,100,0
3.8099,3.8112,9950,99.50,100,0
3.8206,3.8217,9950,99.50,100,0
3.8318,3.8332,9950,99.50,100,0
3.8436,3.8452,8992,89.92,90,0
3.8594,3.8613,8992,89.92,90,0
3.8706,3.8723,8992,89.92,90,0
3.8825,3.8843,8992,89.92,90,0
3.8944,3.8956,8992,89.92,90,0
3.9094,3.9113,8992,89.92,90,0
3.9206,3.9223,8992,89.92,90,0
3.9314,3.9334,8992,89.92,90,0
3.9427,3.9443,9000,90.00,90,0
3.9533,3.9553,8151,81.51,82,0
3.9657,3.9674,8151,81.51,82,0
3.9777,3.9795,8151,81.51,82,0
3.9903,3.9923,8151,81.51,82,0
4.0020,4.0043,8151,81.51,82,0
4.0146,4.0157,8151,81.51,82,0
4.0256,4.0274,8151,81.51,82,0
4.0376,4.0393,8151,81.51,82,0
4.0482,4.0504,7482,74.82,75,0
4.0605,4.0623,7482,74.82,75,0
4.0767,4.0783,7482,74.82,75,0
4.0867,4.0884,7482,74.82,75,0
4.0981,4.1003,7482,74.82,75,0
4.1107,4.1124,7482,74.82,75,0
4.1226,4.1244,7482,74.82,75,0
4.1344,4.1356,7482,74.82,75,0
4.1456,4.1475,6862,68.62,69,0
4.1592,4.1613,6862,68.62,69,0
4.1706,4.1724,6862,68.62,69,0
4.1826,4.1843,6862,68.62,69,0
4.1937,4.1953,6862,68.62,69,0
4.2061,4.2075,6862,68.62,69,0
4.2177,4.2193,6862,68.62,69,0
4.2306,4.2322,6862,68.62,69,0
4.2426,4.2444,6900,69.00,69,0
4.2546,4.2562,6261,62.61,63,0
4.2665,4.2688,6261,62.61,63,0
4.2790,4.2806,6261,62.61,63,0
4.2911,4.2934,6261,62.61,63,0
4.3037,4.3052,6261,62.61,63,0
4.3155,4.3173,6261,62.61,63,0
4.3270,4.3286,6261,62.61,63,0
4.3383,4.3403,6261,62.61,63,0
4.3502,4.3524,5684,56.84,57,0
4.3623,4.3643,5684,56.84,57,0
4.3761,4.3783,5684,56.84,57,0
4.3886,4.3903,5684,56.84,57,0
4.3998,4.4013,5684,56.84,57,0
4.4112,4.4134,5684,56.84,57,0
4.4262,4.4283,5684,56.84,57,0
4.4386,4.4403,5684,56.84,57,0
4.4498,4.4514,5361,53.61,54,0
4.4618,4.4637,5361,53.61,54,0
4.4766,4.4815,5361,53.61,54,0
4.4938,4.4951,5361,53.61,54,0
4.5078,4.5093,5361,53.61,54,0
4.5196,4.5213,5361,53.61,54,0
4.5316,4.5333,5361,53.61,54,0
4.5437,4.5454,5400,54.00,54,0
4.5610,4.5639,5148,51.48,51,0
4.5730,4.5747,5148,51.48,51,0
4.5831,4.5853,5148,51.48,51,0
4.5943,4.5956,5148,51.48,51,0
4.6099,4.6114,5148,51.48,51,0
4.6206,4.6223,5148,51.48,51,0
4.6328,4.6346,5148,51.48,51,0
4.6450,4.6475,4866,48.66,49,0
4.6607,4.6624,4866,48.66,49,0
4.6730,4.6746,4866,48.66,49,0
4.6846,4.6864,4866,48.66,49,0
4.6967,4.6983,4866,48.66,49,0
4.7105,4.7124,4866,48.66,49,0
4.7255,4.7273,4866,48.66,49,0
4.7376,4.7407,4866,48.66,49,0
4.7509,4.7524,4609,46.09,46,0
4.7626,4.7643,4609,46.09,46,0
4.7768,4.7783,4609,46.09,46,0
4.7873,4.7893,4609,46.09,46,0
4.7996,4.8013,4609,46.09,46,0
4.8117,4.8133,4609,46.09,46,0
4.8260,4.8276,4609,46.09,46,0
4.8374,4.8394,4609,46.09,46,0
4.8494,4.8512,4542,45.42,45,0
4.8616,4.8636,4542,45.42,45,0
4.8772,4.8794,4542,45.42,45,0
4.8934,4.8954,4542,45.42,45,0
4.9064,4.9084,4542,45.42,45,0
4.9173,4.9194,4542,45.42,45,0
4.9295,4.9313,4542,45.42,45,0
4.9434,4.9453,4542,45.42,45,0
4.9706,4.9723,4541,45.41,45,0
4.9828,4.9844,4541,45.41,45,0
4.9954,4.9972,4541,45.41,45,0
5.0074,5.0092,4541,45.41,45,0
5.0193,5.0213,4541,45.41,45,0
5.0314,5.0333,4541,45.41,45,0
5.0434,5.0454,4541,45.41,45,0
5.0582,5.0605,4540,45.40,45,0
5.0707,5.0723,4540,45.40,45,0
5.0808,5.0823,4540,45.40,45,0
5.0940,5.0953,4540,45.40,45,0
5.1097,5.1113,4540,45.40,45,0
5.1216,5.1233,4540,45.40,45,0
5.1335,5.1354,4540,45.40,45,0
5.1456,5.1474,4539,45.39,45,0
5.1600,5.1616,4539,45.39,45,0
5.1717,5.1732,4539,45.39,45,0
5.1835,5.1854,4539,45.39,45,0
5.1957,5.1974,4539,45.39,45,0
5.2088,5.2103,4539,45.39,45,0
5.2187,5.2204,4539,45.39,45,0
5.2307,5.2323,4539,45.39,45,0
5.2423,5.2443,4539,45.39,45,0
5.2546,5.2562,4542,45.42,45,0
5.2665,5.2683,4542,45.42,45,0
5.2785,5.2803,4542,45.42,45,0
5.2919,5.2933,4542,45.42,45,0
5.3035,5.3053,4542,45.42,45,0
5.3155,5.3173,4542,45.42,45,0
5.3277,5.3297,4542,45.42,45,0
5.3397,5.3413,4542,45.42,45,0
5.3515,5.3534,4546,45.46,45,0
5.3634,5.3654,4546,45.46,45,0
5.3753,5.3773,4546,45.46,45,0
5.3873,5.3895,4546,45.46,45,0
5.3995,5.4014,4546,45.46,45,0
5.4137,5.4162,4546,45.46,45,0
5.4259,5.4274,4546,45.46,45,0
5.4369,5.4387,4546,45.46,45,0
5.4491,5.4513,4542,45.42,45,0
5.4617,5.4634,4542,45.42,45,0
5.4751,5.4774,4542,45.42,45,0
5.4877,5.4893,4542,45.42,45,0
5.4981,5.5004,4542,45.42,45,0
5.5107,5.5125,4542,45.42,45,0
5.5267,5.5284,4542,45.42,45,0
5.5373,5.5393,4542,45.42,45,0
5.5496,5.5515,4541,45.41,45,0
5.5618,5.5633,4541,45.41,45,0
5.5748,5.5763,4541,45.41,45,0
5.5862,5.5884,4541,45.41,45,0
5.5973,5.5993,4541,45.41,45,0
5.6083,5.6105,4541,45.41,45,0
5.6194,5.6213,4541,45.41,45,0
5.6316,5.6334,4541,45.41,45,0
5.6436,5.6453,4541,45.41,45,0
5.6581,5.6603,4541,45.41,45,0
5.6699,5.6719,4541,45.41,45,0
5.6807,5.6824,4541,45.41,45,0
5.6936,5.6954,4541,45.41,45,0
5.7063,5.7084,4541,45.41,45,0
5.7182,5.7203,4541,45.41,45,0
5.7295,5.7317,4541,45.41,45,0
5.7436,5.7454,4541,45.41,45,0
5.7586,5.7604,4540,45.40,45,0
5.7689,5.7705,4540,45.40,45,0
5.7789,5.7806,4540,45.40,45,0
5.7937,5.7954,4540,45.40,45,0
5.8081,5.8098,4540,45.40,45,0
5.8200,5.8223,4540,45.40,45,0
5.8327,5.8344,4540,45.40,45,0
5.8436,5.8453,4540,45.40,45,0
5.8604,5.8624,4539,45.39,45,0
5.8747,5.8762,4539,45.39,45,0
5.8866,5.8884,4539,45.39,45,0
5.8981,5.8996,4539,45.39,45,0
5.9104,5.9124,4539,45.39,45,0
5.9232,5.9253,4539,45.39,45,0
5.9337,5.9353,4539,45.39,45,0
5.9454,5.9474,4542,45.42,45,0
5.9590,5.9608,4542,45.42,45,0
5.9706,5.9723,4542,45.42,45,0
5.9822,5.9843,4542,45.42,45,0
5.9946,5.9957,4542,45.42,45,0
6.0061,6.0085,4542,45.42,45,0
6.0182,6.0203,4542,45.42,45,0
6.0293,6.0307,4542,45.42,45,0
6.0438,6.0452,4542,45.42,45,0
6.0581,6.0594,4542,45.42,45,0
6.0695,6.0713,4542,45.42,45,0
6.0814,6.0833,4542,45.42,45,0
6.0938,6.0953,4542,45.42,45,0
6.1104,6.1123,4542,45.42,45,0
6.1230,6.1245,4542,45.42,45,0
6.1404,6.1424,4542,45.42,45,0
6.1527,6.1543,4541,45.41,45,0
6.1626,6.1654,4541,45.41,45,0
6.1740,6.1752,4541,45.41,45,0
6.1845,6.1863,4541,45.41,45,0
6.1951,6.1966,4541,45.41,45,0
6.2083,6.2104,4541,45.41,45,0
6.2206,6.2224,4541,45.41,45,0
6.2328,6.2345,4541,45.41,45,0
6.2432,6.2454,4541,45.41,45,0
6.2600,6.2616,4541,45.41,45,0
6.2718,6.2743,4541,45.41,45,0
6.2831,6.2854,4541,45.41,45,0
6.2950,6.2962,4541,45.41,45,0
6.3083,6.3104,4541,45.41,45,0
6.3206,6.3225,4541,45.41,45,0
6.3323,6.3345,4541,45.41,45,0
6.3448,6.3463,4541,45.41,45,0
6.3600,6.3623,4541,45.41,45,0
6.3766,6.3784,4541,45.41,45,0
6.3911,6.3934,4541,45.41,45,0
6.4033,6.4053,4541,45.41,45,0
6.4156,6.4174,4541,45.41,45,0
6.4278,6.4295,4541,45.41,45,0
6.4422,6.4443,4541,45.41,45,0
6.4539,6.4554,4542,45.42,45,0
6.4651,6.4674,4542,45.42,45,0
6.4778,6.4794,4542,45.42,45,0
6.4913,6.4934,4542,45.42,45,0
6.5036,6.5054,4542,45.42,45,0
6.5157,6.5173,4542,45.42,45,0
6.5275,6.5295,4542,45.42,45,0
6.5416,6.5434,4542,45.42,45,0
6.5536,6.5553,4541,45.41,45,0
6.5655,6.5674,4541,45.41,45,0
6.5760,6.5775,4541,45.41,45,0
6.5877,6.5893,4541,45.41,45,0
6.5983,6.6003,4541,45.41,45,0
6.6106,6.6123,4541,45.41,45,0
6.6230,6.6247,4541,45.41,45,0
6.6345,6.6362,4541,45.41,45,0
6.6461,6.6485,4542,45.42,45,0
6.6607,6.6624,4542,45.42,45,0
6.6768,6.6783,4542,45.42,45,0
6.6888,6.6904,4542,45.42,45,0
6.7007,6.7023,4542,45.42,45,0
6.7126,6.7144,4542,45.42,45,0
6.7264,6.7283,4542,45.42,45,0
6.7370,6.7384,4542,45.42,45,0
6.7488,6.7504,4542,45.42,45,0
6.7593,6.7614,4542,45.42,45,0
6.7717,6.7733,4542,45.42,45,0
6.7837,6.7854,4542,45.42,45,0
6.7951,6.7967,4542,45.42,45,0
6.8082,6.8104,4542,45.42,45,0
6.8206,6.8223,4542,45.42,45,0
6.8326,6.8346,4542,45.42,45,0
6.8450,6.8465,4542,45.42,45,0
6.8600,6.8616,4541,45.41,45,0
6.8706,6.8723,4541,45.41,45,0
6.8827,6.8844,4541,45.41,45,0
6.8945,6.8957,4541,45.41,45,0
6.9103,6.9125,4541,45.41,45,0
6.9243,6.9264,4541,45.41,45,0
6.9355,6.9375,4541,45.41,45,0
6.9519,6.9543,4541,45.41,45,0
7.1595,7.1614,4542,45.42,45,0
7.3660,7.3684,4395,43.95,44,0
7.3787,7.3809,4395,43.95,44,0
7.3914,7.3933,4395,43.95,44,0
7.4035,7.4054,4395,43.95,44,0
7.4157,7.4173,4395,43.95,44,0
7.4268,7.4285,4395,43.95,44,0
7.4409,7.4425,4395,43.95,44,0
7.4514,7.4534,3936,39.36,39,0
7.4623,7.4642,3936,39.36,39,0
7.4759,7.4774,3936,39.36,39,0
7.4873,7.4892,3936,39.36,39,0
7.4994,7.5013,3936,39.36,39,0
7.5114,7.5133,3936,39.36,39,0
7.5247,7.5264,3936,39.36,39,0
7.5365,7.5383,3936,39.36,39,0
7.5466,7.5483,3936,39.36,39,0
7.5585,7.5602,3220,32.20,32,0
7.5703,7.5722,3220,32.20,32,0
7.5814,7.5833,3220,32.20,32,0
7.5925,7.5937,3220,32.20,32,0
7.6038,7.6047,3220,32.20,32,0
7.6149,7.6161,3220,32.20,32,0
7.6265,7.6283,3220,32.20,32,0
7.6384,7.6403,3220,32.20,32,0
7.6505,7.6523,2452,24.52,25,0
7.6633,7.6653,2452,24.52,25,0
7.6756,7.6776,2452,24.52,25,0
7.6872,7.6893,2452,24.52,25,0
7.6994,7.7013,2452,24.52,25,0
7.7097,7.7113,2452,24.52,25,0
7.7202,7.7223,2452,24.52,25,0
7.7326,7.7344,2452,24.52,25,0
7.7447,7.7463,2452,24.52,25,0
7.7599,7.7615,1503,15.03,15,0
7.7715,7.7734,1503,15.03,15,0
7.7831,7.7853,1503,15.03,15,0
7.7951,7.7975,1503,15.03,15,0
7.8100,7.8115,1503,15.03,15,0
7.8216,7.8232,1503,15.03,15,0
7.8334,7.8353,1503,15.03,15,0
7.8454,7.8473,1503,15.03,15,0
7.8600,7.8614,702,7.02,7,0
7.8715,7.8733,702,7.02,7,0
7.8834,7.8853,702,7.02,7,0
7.8955,7.8967,702,7.02,7,0
7.9075,7.9094,702,7.02,7,0
7.9195,7.9214,702,7.02,7,0
7.9316,7.9333,702,7.02,7,0
7.9419,7.9434,702,7.02,7,0
7.9531,7.9556,294,2.94,3,0
7.9818,7.9836,294,2.94,3,0
8.0128,8.0157,294,2.94,3,1
8.1560,8.1573,35,0.35,0,1
8.1696,8.1713,35,0.35,0,1
8.1814,8.1843,35,0.35,0,1
8.1966,8.1984,35,0.35,0,1
8.2081,8.2103,35,0.35,0,1
8.2225,8.2245,35,0.35,0,1
8.2338,8.2353,35,0.35,0,1
8.2481,8.2528,33,0.33,0,1
8.2641,8.2656,33,0.33,0,1
8.2741,8.2801,33,0.33,0,1
8.3021,8.3055,33,0.33,0,1
8.3176,8.3186,33,0.33,0,1
8.3269,8.3333,33,0.33,0,1
8.3422,8.3567,29,0.29,0,1
8.3697,8.3713,29,0.29,0,1
8.3834,8.3852,29,0.29,0,1
8.3938,8.3953,29,0.29,0,1
8.4069,8.4083,29,0.29,0,1
8.4188,8.4203,29,0.29,0,1
8.4312,8.4327,29,0.29,0,1
8.4448,8.4462,29,0.29,0,1
8.4569,8.4583,30,0.30,0,1
8.4703,8.4763,30,0.30,0,1
8.4851,8.4883,30,0.30,0,1
8.5006,8.5025,30,0.30,0,1
8.5147,8.5163,30,0.30,0,1
8.5285,8.5305,30,0.30,0,1
8.5407,8.5423,30,0.30,0,1
8.5516,8.5534,30,0.30,0,1
8.5655,8.5673,30,0.30,0,1
8.5793,8.5814,30,0.30,0,1
8.5935,8.5952,30,0.30,0,1
8.6073,8.6092,30,0.30,0,1
8.6213,8.6233,30,0.30,0,1
8.6354,8.6372,30,0.30,0,1
8.6493,8.6514,30,0.30,0,1
8.6595,8.6614,30,0.30,0,1
8.6735,8.6753,30,0.30,0,1
8.6874,8.6893,30,0.30,0,1
8.7013,8.7033,30,0.30,0,1
8.7154,8.7167,30,0.30,0,1
8.7288,8.7306,30,0.30,0,1
8.7398,8.7415,30,0.30,0,1
8.7537,8.7555,25,0.25,0,1
8.7677,8.7696,25,0.25,0,1
8.7805,8.7824,25,0.25,0,1
8.7946,8.7964,25,0.25,0,1
8.8061,8.8084,25,0.25,0,1
8.8207,8.8223,25,0.25,0,1
8.8345,8.8363,25,0.25,0,1
8.8485,8.8503,25,0.25,0,1
8.8625,8.8644,29,0.29,0,1
8.8755,8.8774,29,0.29,0,1
8.8890,8.8906,29,0.29,0,1
8.9026,8.9044,29,0.29,0,1
8.9154,8.9174,29,0.29,0,1
8.9260,8.9276,29,0.29,0,1
8.9375,8.9393,29,0.29,0,1
8.9515,8.9534,29,0.29,0,1
8.9656,8.9674,29,0.29,0,1
8.9786,8.9803,29,0.29,0,1
8.9920,8.9933,29,0.29,0,1
9.0054,9.0072,29,0.29,0,1
9.0173,9.0193,29,0.29,0,1
9.0315,9.0332,29,0.29,0,1
9.0453,9.0472,29,0.29,0,1
9.0594,9.0613,29,0.29,0,1
9.0734,9.0753,29,0.29,0,1
9.0874,9.0892,29,0.29,0,1
9.1013,9.1034,29,0.29,0,1
9.1156,9.1174,29,0.29,0,1
9.1294,9.1314,29,0.29,0,1
9.1435,9.1456,29,0.29,0,1
9.1577,9.1594,28,0.28,0,1
9.1715,9.1733,28,0.28,0,1
9.1854,9.1875,28,0.28,0,1
9.1996,9.2014,28,0.28,0,1
9.2135,9.2154,28,0.28,0,1
9.2275,9.2293,28,0.28,0,1
9.2414,9.2434,28,0.28,0,1
9.2555,9.2575,28,0.28,0,1
9.2680,9.2693,28,0.28,0,1
9.2815,9.2834,28,0.28,0,1
9.2955,9.2974,28,0.28,0,1
9.3096,9.3113,28,0.28,0,1
9.3211,9.3226,28,0.28,0,1
9.3348,9.3364,28,0.28,0,1
9.3469,9.3485,28,0.28,0,1
9.3608,9.3624,28,0.28,0,1
9.3717,9.3734,28,0.28,0,1
9.3843,9.3863,28,0.28,0,1
9.3963,9.3985,28,0.28,0,1
9.4106,9.4124,28,0.28,0,1
9.4228,9.4245,28,0.28,0,1
9.4366,9.4383,28,0.28,0,1
9.4505,9.4525,28,0.28,0,1
9.4638,9.4654,29,0.29,0,1
9.4776,9.4795,29,0.29,0,1
9.4899,9.4914,29,0.29,0,1
9.5001,9.5024,29,0.29,0,1
9.5138,9.5153,29,0.29,0,1
9.5244,9.5266,29,0.29,0,1
9.5367,9.5384,29,0.29,0,1
9.5466,9.5483,29,0.29,0,1
9.5605,9.5626,164,1.64,2,1
9.5717,9.5735,164,1.64,2,1
9.5857,9.5875,164,1.64,2,1
9.5997,9.6014,164,1.64,2,1
9.6136,9.6155,164,1.64,2,1
9.6288,9.6306,164,1.64,2,1
9.6390,9.6406,164,1.64,2,1
9.6494,9.6516,164,1.64,2,1
9.6622,9.6752,1020,10.20,10,1
9.6872,9.6894,1020,10.20,10,0
9.7594,9.7613,2363,23.63,24,0
9.8004,9.8044,2363,23.63,24,0
9.8144,9.8157,2363,23.63,24,0
9.8255,9.8272,2363,23.63,24,0
9.8364,9.8388,2363,23.63,24,0
9.8486,9.8505,2363,23.63,24,0
9.8667,9.8908,3948,39.48,39,0
9.9035,9.9088,3948,39.48,39,0
9.9180,9.9219,3948,39.48,39,0
9.9302,9.9335,3948,39.48,39,0
9.9427,9.9513,3948,39.48,39,0
9.9594,9.9616,4956,49.56,50,0
9.9702,9.9722,4956,49.56,50,0
9.9824,9.9836,4956,49.56,50,0
10.0169,10.0196,4956,49.56,50,0
10.0283,10.0303,4956,49.56,50,0
10.0389,10.0403,4956,49.56,50,0
10.0486,10.0514,4956,49.56,50,0
10.0631,10.0644,5451,54.51,55,0
10.0731,10.0752,5451,54.51,55,0
10.0911,10.0924,5451,54.51,55,0
10.1015,10.1025,5451,54.51,55,0
10.1108,10.1122,5451,54.51,55,0
10.1209,10.1223,5451,54.51,55,0
10.1397,10.1415,5451,54.51,55,0
10.1515,10.1532,5451,54.51,55,0
10.1647,10.1662,5628,56.28,56,0
10.1776,10.1793,5628,56.28,56,0
10.1874,10.1886,5628,56.28,56,0
10.1986,10.2002,5628,56.28,56,0
10.2102,10.2116,5628,56.28,56,0
10.2217,10.2225,5628,56.28,56,0
10.2326,10.2342,5628,56.28,56,0
10.2442,10.2457,5628,56.28,56,0
10.2557,10.2572,6119,61.19,61,0
10.2660,10.2675,6119,61.19,61,0
10.2775,10.2793,6119,61.19,61,0
10.2893,10.2912,6119,61.19,61,0
10.2999,10.3015,6119,61.19,61,0
10.3116,10.3133,6119,61.19,61,0
10.3233,10.3253,6119,61.19,61,0
10.3354,10.3373,6119,61.19,61,0
10.3474,10.3486,6119,61.19,61,0
10.3606,10.3622,6833,68.33,68,0
10.3714,10.3732,6833,68.33,68,0
10.3827,10.3836,6833,68.33,68,0
10.3939,10.3953,6833,68.33,68,0
10.4036,10.4054,6833,68.33,68,0
10.4149,10.4162,6833,68.33,68,0
10.4276,10.4292,6833,68.33,68,0
10.4380,10.4403,6833,68.33,68,0
10.4504,10.4522,6833,68.33,68,0
10.4624,10.4644,7774,77.74,78,0
10.4740,10.4756,7774,77.74,78,0
10.4849,10.4863,7774,77.74,78,0
10.4966,10.4983,7774,77.74,78,0
10.5085,10.5103,7774,77.74,78,0
10.5205,10.5225,7774,77.74,78,0
10.5318,10.5335,7774,77.74,78,0
10.5440,10.5456,7774,77.74,78,0
10.5558,10.5574,8817,88.17,88,0
10.5679,10.5695,8817,88.17,88,0
10.5798,10.5817,8817,88.17,88,0
10.5919,10.5935,8817,88.17,88,0
10.6038,10.6055,8817,88.17,88,0
10.6150,10.6174,8817,88.17,88,0
10.6365,10.6383,8817,88.17,88,0
10.6467,10.6483,8817,88.17,88,0
10.6577,10.6594,9728,97.28,97,0
10.6696,10.6714,9728,97.28,97,0
10.6815,10.6828,9728,97.28,97,0
10.6969,10.6985,9728,97.28,97,0
10.7085,10.7106,9728,97.28,97,0
10.7208,10.7225,9728,97.28,97,0
10.7331,10.7355,9728,97.28,97,0
10.7469,10.7485,9728,97.28,97,0
10.7587,10.7604,10257,102.57,103,0
10.7691,10.7707,10257,102.57,103,0
10.7801,10.7817,10257,102.57,103,0
10.7920,10.7944,10257,102.57,103,0
10.8046,10.8064,10257,102.57,103,0
10.8167,10.8185,10257,102.57,103,0
10.8298,10.8314,10257,102.57,103,0
10.8416,10.8432,10257,102.57,103,0
10.8525,10.8544,10257,102.57,103,0
10.8635,10.8654,10635,106.35,106,0
10.8802,10.8824,10635,106.35,106,0
10.8963,10.8983,10635,106.35,106,0
10.9086,10.9103,10635,106.35,106,0
10.9194,10.9217,10635,106.35,106,0
10.9317,10.9334,10635,106.35,106,0
10.9464,10.9484,10635,106.35,106,0
10.9586,10.9727,10946,109.46,109,0
10.9853,10.9873,10946,109.46,109,0
10.9970,10.9982,10946,109.46,109,0
11.0084,11.0103,10946,109.46,109,0
11.0204,11.0224,10946,109.46,109,0
11.0325,11.0344,10946,109.46,109,0
11.0445,11.0457,10946,109.46,109,0
11.0557,11.0567,11178,111.78,112,0
11.0649,11.0663,11178,111.78,112,0
11.0786,11.0797,11178,111.78,112,0
11.0898,11.0907,11178,111.78,112,0
11.1008,11.1024,11178,111.78,112,0
11.1116,11.1133,11178,111.78,112,0
11.1236,11.1253,11178,111.78,112,0
11.1357,11.1374,11178,111.78,112,0
11.1470,11.1483,11178,111.78,112,0
11.1585,11.1603,11178,111.78,112,0
11.1706,11.1724,11178,111.78,112,0
11.1832,11.1853,11178,111.78,112,0
11.1956,11.1973,11178,111.78,112,0
11.2074,11.2096,11178,111.78,112,0
11.2200,11.2217,11178,111.78,112,0
11.2301,11.2323,11178,111.78,112,0
11.2429,11.2445,11178,111.78,112,0
11.2547,11.2564,11176,111.76,112,0
11.2666,11.2683,11176,111.76,112,0
11.2800,11.2818,11176,111.76,112,0
11.2906,11.2924,11176,111.76,112,0
11.3027,11.3045,11176,111.76,112,0
11.3147,11.3164,11176,111.76,112,0
11.3299,11.3317,11176,111.76,112,0
11.3419,11.3434,11176,111.76,112,0
11.3538,11.3556,11174,111.74,112,0
11.3659,11.3675,11174,111.74,112,0
11.3804,11.3827,11174,111.74,112,0
11.3954,11.3973,11174,111.74,112,0
11.4076,11.4111,11174,111.74,112,0
11.4215,11.4233,11174,111.74,112,0
11.4349,11.4365,11174,111.74,112,0
11.4486,11.4503,11174,111.74,112,0
11.4652,11.4724,11175,111.75,112,0
11.4834,11.4847,11175,111.75,112,0
11.4996,11.5017,11175,111.75,112,0
11.5115,11.5140,11175,111.75,112,0
11.5319,11.5364,11175,111.75,112,0
11.5468,11.5483,11175,111.75,112,0
11.5584,11.5604,11173,111.73,112,0
11.5707,11.5723,11173,111.73,112,0
11.5822,11.5836,11173,111.73,112,0
11.5953,11.5967,11173,111.73,112,0
11.6067,11.6077,11173,111.73,112,0
11.6177,11.6187,11173,111.73,112,0
11.6288,11.6304,11173,111.73,112,0
11.6406,11.6424,11173,111.73,112,0
11.6528,11.6543,11173,111.73,112,0
11.6635,11.6653,11173,111.73,112,0
11.6792,11.6817,11173,111.73,112,0
11.6907,11.6923,11173,111.73,112,0
11.7025,11.7037,11173,111.73,112,0
11.7135,11.7153,11173,111.73,112,0
11.7271,11.7295,11173,111.73,112,0
11.7381,11.7403,11173,111.73,112,0
11.7506,11.7523,11173,111.73,112,0
11.7618,11.7632,11174,111.74,112,0
11.7735,11.7754,11174,111.74,112,0
11.7857,11.7874,11174,111.74,112,0
11.7969,11.7985,11174,111.74,112,0
11.8078,11.8096,11174,111.74,112,0
11.8191,11.8213,11174,111.74,112,0
11.8314,11.8333,11174,111.74,112,0
11.8469,11.8483,11174,111.74,112,0
11.8566,11.8584,11176,111.76,112,0
11.8691,11.8706,11176,111.76,112,0
11.8803,11.8824,11176,111.76,112,0
11.8998,11.9016,11176,111.76,112,0
11.9116,11.9133,11176,111.76,112,0
11.9233,11.9245,11176,111.76,112,0
11.9327,11.9343,11176,111.76,112,0
11.9469,11.9484,11176,111.76,112,0
11.9585,11.9602,11178,111.78,112,0
11.9703,11.9723,11178,111.78,112,0
11.9811,11.9826,11178,111.78,112,0
11.9954,11.9974,11178,111.78,112,0
12.0073,12.0093,11178,111.78,112,0
12.0182,12.0202,11178,111.78,112,0
12.0304,12.0323,11178,111.78,112,0
12.0449,12.0464,11178,111.78,112,0
12.0564,12.0583,11177,111.77,112,0
12.0682,12.0703,11177,111.77,112,0
12.0804,12.0823,11177,111.77,112,0
12.0960,12.0974,11177,111.77,112,0
12.1075,12.1093,11177,111.77,112,0
12.1194,12.1215,11177,111.77,112,0
12.1316,12.1333,11177,111.77,112,0
12.1462,12.1477,11177,111.77,112,0
12.1573,12.1594,11173,111.73,112,0
12.1695,12.1713,11173,111.73,112,0
12.1814,12.1825,11173,111.73,112,0
12.1937,12.1953,11173,111.73,112,0
12.2053,12.2073,11173,111.73,112,0
12.2157,12.2167,11173,111.73,112,0
12.2299,12.2314,11173,111.73,112,0
12.2415,12.2426,11173,111.73,112,0
12.2525,12.2543,11173,111.73,112,0
12.2643,12.2662,11176,111.76,112,0
12.2776,12.2793,11176,111.76,112,0
12.2894,12.2913,11176,111.76,112,0
12.2995,12.3017,11176,111.76,112,0
12.3119,12.3133,11176,111.76,112,0
12.3233,12.3253,11176,111.76,112,0
12.3351,12.3365,11176,111.76,112,0
12.3466,12.3483,11176,111.76,112,0
12.3564,12.3583,11173,111.73,112,0
12.3666,12.3683,11173,111.73,112,0
12.3783,12.3804,11173,111.73,112,0
12.3906,12.3923,11173,111.73,112,0
12.4026,12.4037,11173,111.73,112,0
12.4136,12.4154,11173,111.73,112,0
12.4276,12.4294,11173,111.73,112,0
12.4386,12.4404,11173,111.73,112,0
12.4508,12.4523,11173,111.73,112,0
12.4625,12.4644,11178,111.78,112,0
12.4740,12.4764,11178,111.78,112,0
12.4867,12.4885,11178,111.78,112,0
12.4974,12.4993,11178,111.78,112,0
12.5108,12.5123,11178,111.78,112,0
12.5223,12.5237,11178,111.78,112,0
12.5320,12.5333,11178,111.78,112,0
12.5441,12.5454,11178,111.78,112,0
12.5555,12.5574,11174,111.74,112,0
12.5675,12.5693,11174,111.74,112,0
12.5792,12.5817,11174,111.74,112,0
12.5907,12.5923,11174,111.74,112,0
12.6021,12.6036,11174,111.74,112,0
12.6137,12.6188,11174,111.74,112,0
12.6308,12.6323,11174,111.74,112,0
12.6468,12.6484,11174,111.74,112,0
12.6586,12.6604,11176,111.76,112,0
12.6705,12.6723,11176,111.76,112,0
12.6824,12.6843,11176,111.76,112,0
12.6947,12.6963,11176,111.76,112,0
12.7057,12.7074,11176,111.76,112,0
12.7157,12.7173,11176,111.76,112,0
12.7298,12.7314,11176,111.76,112,0
12.7413,12.7427,11176,111.76,112,0
12.7511,12.7533,11176,111.76,112,0
12.7634,12.7653,11173,111.73,112,0
12.7801,12.7827,11173,111.73,112,0
12.7953,12.7973,11173,111.73,112,0
12.8075,12.8093,11173,111.73,112,0
12.8193,12.8217,11173,111.73,112,0
12.8301,12.8314,11173,111.73,112,0
12.8407,12.8424,11173,111.73,112,0
12.8526,12.8543,11173,111.73,112,0
12.8635,12.8654,11176,111.76,112,0
12.8802,12.8825,11176,111.76,112,0
12.8962,12.8977,11176,111.76,112,0
12.9073,12.9093,11176,111.76,112,0
12.9187,12.9204,11176,111.76,112,0
12.9301,12.9317,11176,111.76,112,0
12.9407,12.9424,11176,111.76,112,0
12.9516,12.9527,11176,111.76,112,0
12.9615,12.9625,11176,111.76,112,0
12.9729,12.9744,11176,111.76,112,0
12.9845,12.9864,11176,111.76,112,0
12.9965,12.9983,11176,111.76,112,0
13.0085,13.0103,11176,111.76,112,0
13.0215,13.0227,11176,111.76,112,0
13.0328,13.0344,11176,111.76,112,0
13.0445,13.0464,11176,111.76,112,0
13.0565,13.0584,11174,111.74,112,0
13.0685,13.0697,11174,111.74,112,0
13.0785,13.0803,11174,111.74,112,0
13.0897,13.0912,11174,111.74,112,0
13.1031,13.1045,11174,111.74,112,0
13.1144,13.1174,11174,111.74,112,0
13.1284,13.1306,11174,111.74,112,0
13.1407,13.1423,11174,111.74,112,0
13.1521,13.1534,11174,111.74,112,0
13.1636,13.1653,11175,111.75,112,0
13.1770,13.1782,11175,111.75,112,0
13.1883,13.1902,11175,111.75,112,0
13.1993,13.2007,11175,111.75,112,0
13.2108,13.2123,11175,111.75,112,0
13.2223,13.2237,11175,111.75,112,0
13.2342,13.2363,11175,111.75,112,0
13.2464,13.2483,11175,111.75,112,0
13.4515,13.4534,11175,111.75,112,0
13.6588,13.6604,11176,111.76,112,0
13.8642,13.8663,11177,111.77,112,0
14.0702,14.0722,11176,111.76,112,0
14.2740,14.2754,11175,111.75,112,0
14.4806,14.4824,11175,111.75,112,0
14.6884,14.6903,11175,111.75,112,0
14.8928,14.8945,11175,111.75,112,0
15.0999,15.1018,11174,111.74,112,0
15.3065,15.3084,11176,111.76,112,0
15.5134,15.5156,11176,111.76,112,0
